date,% WEIGHTED ILI,%UNWEIGHTED ILI,AGE 0-4,AGE 5-24,ILITOTAL,NUM. OF PROVIDERS,OT
2002-01-01 00:00:00,1.22262,1.16668,582,805,2060,754,176569
2002-01-08 00:00:00,1.33344,1.2165,683,872,2267,785,186355
2002-01-15 00:00:00,1.31929,1.13057,642,878,2176,831,192469
2002-01-22 00:00:00,1.49484,1.2524600000000001,728,1045,2599,863,207512
2002-01-29 00:00:00,1.47195,1.30237,823,1189,2907,909,223208
2002-02-05 00:00:00,1.58094,1.40551,887,1272,3225,930,229454
2002-02-12 00:00:00,1.4942600000000001,1.38437,851,1173,3097,923,223712
2002-02-19 00:00:00,1.4056899999999999,1.3256299999999999,802,1166,2967,922,223818
2002-02-26 00:00:00,1.6141,1.43475,834,978,2709,918,188814
2002-03-05 00:00:00,1.45967,1.25433,857,1117,3049,937,243078
2002-03-12 00:00:00,1.59896,1.25757,804,1179,2957,928,235136
2002-03-19 00:00:00,2.16697,1.58017,951,1404,3416,908,216179
2002-03-26 00:00:00,2.57842,1.9800799999999998,915,937,2857,865,144287
2002-04-02 00:00:00,2.38636,1.90428,1028,1019,3260,879,171193
2002-04-09 00:00:00,1.7362099999999998,1.5901,1068,1296,3729,926,234513
2002-04-16 00:00:00,2.06296,1.81559,1154,1798,4204,902,231550
2002-04-23 00:00:00,2.58113,2.4180099999999998,1373,2998,5696,927,235566
2002-04-30 00:00:00,2.93909,2.86635,1411,4064,7079,884,246969
2002-05-07 00:00:00,3.22539,3.16662,1606,4447,7782,889,245751
2002-05-14 00:00:00,3.06982,3.0155,1568,4224,7649,903,253656
2002-05-21 00:00:00,3.20044,2.9978,1694,3689,7228,871,241110
2002-05-28 00:00:00,2.44888,2.31957,1336,2583,5606,857,241683
2002-06-04 00:00:00,2.1344,1.94707,1015,2103,4450,839,228549
2002-06-11 00:00:00,1.9986599999999999,1.72985,880,1669,3810,835,220250
2002-06-18 00:00:00,1.93849,1.51837,737,1321,2987,795,196724
2002-06-25 00:00:00,1.41293,1.2261600000000001,624,1016,2439,775,198913
2002-07-02 00:00:00,1.23472,1.05433,506,846,2028,741,192349
2002-07-09 00:00:00,1.20005,1.07108,569,799,2082,735,194383
2002-07-16 00:00:00,0.910135,0.8261200000000001,440,539,1467,669,177577
2002-07-23 00:00:00,0.932265,0.8205049999999999,429,508,1445,682,176111
2002-07-30 00:00:00,0.692175,0.630846,275,444,1075,655,170406
2002-08-06 00:00:00,0.6694060000000001,0.63935,215,471,1005,613,157191
2002-08-13 00:00:00,0.727705,0.586609,248,283,836,547,142514
2002-08-20 00:00:00,0.717701,0.7730239999999999,264,262,740,406,95728
2002-08-27 00:00:00,0.7893939999999999,0.790743,213,205,641,393,81063
2002-09-03 00:00:00,0.722129,0.711847,201,195,563,344,79090
2002-09-10 00:00:00,0.591326,0.794637,198,187,620,341,78023
2002-09-17 00:00:00,0.52307,0.586604,139,123,423,322,72110
2002-09-24 00:00:00,0.45023599999999997,0.6159819999999999,122,124,441,322,71593
2002-10-01 00:00:00,0.397421,0.49150699999999997,109,91,318,310,64699
2002-10-08 00:00:00,0.44800200000000007,0.604341,137,141,441,308,72972
2002-10-15 00:00:00,0.474767,0.524478,98,98,365,301,69593
2002-10-22 00:00:00,0.453251,0.590692,112,139,420,302,71103
2002-10-29 00:00:00,0.35215799999999997,0.505135,100,120,361,290,71466
2002-11-05 00:00:00,0.5253220000000001,0.634271,136,125,443,295,69844
2002-11-12 00:00:00,0.492991,0.610118,120,131,421,283,69003
2002-11-19 00:00:00,0.542728,0.641227,159,144,450,277,70178
2002-11-26 00:00:00,0.49034700000000003,0.661429,166,155,463,276,70000
2002-12-03 00:00:00,0.7359140000000001,0.7926810000000001,177,182,519,271,65474
2002-12-10 00:00:00,0.581771,0.639059,145,184,475,267,74328
2002-12-17 00:00:00,0.654162,0.636732,136,183,461,264,72401
2002-12-24 00:00:00,0.749504,0.747829,135,221,533,268,71273
2002-12-31 00:00:00,0.884021,0.960873,808,881,2442,830,254144
2003-01-07 00:00:00,1.02773,1.04325,913,1132,2932,931,281045
2003-01-14 00:00:00,1.28296,1.0545,878,1147,3031,974,287436
2003-01-21 00:00:00,1.32661,1.1123100000000001,1006,1369,3475,1007,312412
2003-01-28 00:00:00,1.7730400000000002,1.4127399999999999,1207,2080,4690,1074,331980
2003-02-04 00:00:00,2.43814,1.7270299999999998,1542,2735,5790,1111,335258
2003-02-11 00:00:00,2.72605,2.407,2185,4133,8385,1141,348359
2003-02-18 00:00:00,3.7319199999999997,3.10962,2561,5684,11141,1129,358275
2003-02-25 00:00:00,4.54894,4.30779,3247,4933,11742,1118,272576
2003-03-04 00:00:00,5.3990599999999995,4.8303,4734,7817,18948,1189,392274
2003-03-11 00:00:00,7.38735,6.42905,6620,11550,24962,1173,388269
2003-03-18 00:00:00,7.48097,6.8673399999999996,6434,9851,23699,1148,345097
2003-03-25 00:00:00,7.6279699999999995,7.064960000000001,5336,5231,16415,1122,232344
2003-04-01 00:00:00,5.14051,4.55115,3391,2894,11332,1139,248992
2003-04-08 00:00:00,2.89129,2.41833,1930,2299,7602,1160,314349
2003-04-15 00:00:00,2.10429,1.80906,1679,1857,5583,1141,308614
2003-04-22 00:00:00,1.8869599999999997,1.71202,1721,1604,4961,1084,289774
2003-04-29 00:00:00,1.7766,1.5425,1487,1543,4436,1071,287586
2003-05-06 00:00:00,1.46001,1.43787,1454,1448,4251,1054,295646
2003-05-13 00:00:00,1.3778700000000002,1.32427,1420,1297,3824,986,288762
2003-05-20 00:00:00,1.30532,1.30726,1301,1255,3691,1004,282347
2003-05-27 00:00:00,1.08691,1.03698,956,1038,2916,948,281202
2003-06-03 00:00:00,0.9918879999999999,1.01032,925,910,2744,894,271597
2003-06-10 00:00:00,1.02765,1.05249,878,888,2708,897,257294
2003-06-17 00:00:00,1.0579,1.02009,730,826,2487,849,243802
2003-06-24 00:00:00,0.849361,0.9244190000000001,760,733,2300,859,248805
2003-07-01 00:00:00,0.7471270000000001,0.7906449999999999,610,611,1858,828,234998
2003-07-08 00:00:00,0.661708,0.80261,583,566,1705,774,212432
2003-07-15 00:00:00,0.6795140000000001,0.8361299999999999,545,573,1749,755,209178
2003-07-22 00:00:00,0.633071,0.7924359999999999,501,511,1615,679,203802
2003-07-29 00:00:00,0.569894,0.683588,470,404,1331,658,194708
2003-08-05 00:00:00,0.591357,0.757452,435,491,1394,629,184038
2003-08-12 00:00:00,0.589044,0.7885850000000001,449,443,1327,599,168276
2003-08-19 00:00:00,0.6786399999999999,0.812171,451,380,1262,553,155386
2003-08-26 00:00:00,0.637558,0.804463,375,349,1070,463,133008
2003-09-02 00:00:00,0.8133090000000001,0.8777010000000001,391,308,1061,452,120884
2003-09-09 00:00:00,0.834551,0.741453,355,309,987,443,133117
2003-09-16 00:00:00,0.616174,0.661022,307,240,851,426,128740
2003-09-23 00:00:00,0.513286,0.715109,277,284,887,423,124037
2003-09-30 00:00:00,0.351881,0.562241,238,183,698,408,124146
2003-10-07 00:00:00,0.542621,0.786808,233,205,710,381,90238
2003-10-14 00:00:00,0.581036,0.860658,249,280,836,378,97135
2003-10-21 00:00:00,0.495486,0.689944,259,200,659,370,95515
2003-10-28 00:00:00,0.6120899999999999,0.779691,260,230,719,363,92216
2003-11-04 00:00:00,0.5314909999999999,0.6281439999999999,213,235,733,345,116693
2003-11-11 00:00:00,0.519987,0.902459,243,256,809,334,89644
2003-11-18 00:00:00,0.574476,0.806443,256,256,770,335,95481
2003-11-25 00:00:00,0.663175,0.8748879999999999,259,265,799,333,91326
2003-12-02 00:00:00,0.614691,0.9932129999999999,279,358,960,326,96656
2003-12-09 00:00:00,0.6568229999999999,0.876141,281,309,913,337,104207
2003-12-16 00:00:00,0.723016,0.948092,342,413,1122,341,118343
2003-12-23 00:00:00,0.6918569999999999,0.9269430000000001,322,416,1089,336,117483
2003-12-30 00:00:00,0.782758,0.971643,333,382,1116,364,114857
2004-01-06 00:00:00,0.982275,0.897159,877,1256,3171,1176,353449
2004-01-13 00:00:00,1.01821,1.0224799999999998,1071,1373,3631,1187,355116
2004-01-20 00:00:00,1.1768,1.0629600000000001,1240,1534,4019,1267,378094
2004-01-27 00:00:00,1.30121,1.14696,1190,1671,4369,1293,380921
2004-02-03 00:00:00,1.27746,1.20495,1327,1718,4551,1302,377692
2004-02-10 00:00:00,1.4038700000000002,1.3051700000000002,1497,1874,4969,1344,380718
2004-02-17 00:00:00,1.40301,1.2869899999999999,1531,1874,4983,1336,387182
2004-02-24 00:00:00,1.73975,1.5946799999999999,1490,1678,4713,1341,295546
2004-03-02 00:00:00,1.56894,1.39714,1538,2059,5407,1369,387004
2004-03-09 00:00:00,1.65927,1.4499600000000001,1551,2052,5428,1346,374356
2004-03-16 00:00:00,1.8134099999999997,1.61745,1670,2071,5755,1379,355806
2004-03-23 00:00:00,2.37626,2.19112,1856,1807,5689,1288,259639
2004-03-30 00:00:00,2.77052,2.56649,2252,1993,7279,1332,283617
2004-04-06 00:00:00,2.40064,2.17645,2010,2450,8041,1383,369455
2004-04-13 00:00:00,2.54155,2.20171,2188,2982,8323,1342,378024
2004-04-20 00:00:00,2.85871,2.53012,2199,3682,9328,1348,368678
2004-04-27 00:00:00,3.5501099999999997,3.06524,2747,5364,12422,1334,405254
2004-05-04 00:00:00,4.58591,3.98061,3086,7650,16192,1303,406772
2004-05-11 00:00:00,5.05809,4.595680000000001,3626,8854,19369,1324,421461
2004-05-18 00:00:00,5.44151,4.75197,3834,8400,19931,1330,419426
2004-05-25 00:00:00,4.4729,4.17962,3720,6759,16630,1280,397883
2004-06-01 00:00:00,3.6752,3.45359,2997,5343,13234,1268,383196
2004-06-08 00:00:00,3.3353,3.15852,2728,4494,11601,1227,367292
2004-06-15 00:00:00,2.7622400000000003,2.6732,2416,3513,9502,1185,355454
2004-06-22 00:00:00,2.46844,2.35161,2145,2771,7900,1148,335940
2004-06-29 00:00:00,2.00081,1.8924299999999998,1827,2133,6329,1103,334438
2004-07-06 00:00:00,1.54319,1.5249,1422,1737,4816,1048,315823
2004-07-13 00:00:00,1.50195,1.41134,1356,1603,4445,1000,314948
2004-07-20 00:00:00,1.22918,1.25068,1096,1469,3825,978,305833
2004-07-27 00:00:00,1.21854,1.20702,1117,1411,3646,971,302065
2004-08-03 00:00:00,1.15832,1.07895,903,1136,2990,923,277120
2004-08-10 00:00:00,1.249,1.14521,979,1115,3012,878,263009
2004-08-17 00:00:00,1.16888,1.06124,805,926,2531,825,238494
2004-08-24 00:00:00,1.0788799999999998,1.0568,687,695,2056,687,194550
2004-08-31 00:00:00,1.23059,1.25193,693,678,2099,637,167661
2004-09-07 00:00:00,1.14747,1.01419,548,594,1744,603,171960
2004-09-14 00:00:00,1.00254,1.04197,573,507,1614,582,154899
2004-09-21 00:00:00,0.957569,0.9540270000000001,580,507,1628,587,170645
2004-09-28 00:00:00,0.8948370000000001,0.8482299999999999,497,452,1359,550,160216
2004-10-05 00:00:00,0.798205,0.841872,426,390,1198,533,142302
2004-10-12 00:00:00,0.757812,0.7308939999999999,389,361,1148,524,157068
2004-10-19 00:00:00,0.8259629999999999,0.713432,333,364,1068,507,149699
2004-10-26 00:00:00,0.744927,0.6706770000000001,328,327,990,492,147612
2004-11-02 00:00:00,0.787049,0.689278,331,326,982,488,142468
2004-11-09 00:00:00,0.684724,0.704929,319,350,1023,479,145121
2004-11-16 00:00:00,0.7473609999999999,0.615903,330,326,928,480,150673
2004-11-23 00:00:00,0.673974,0.609426,292,311,922,428,151290
2004-11-30 00:00:00,0.869662,0.6802590000000001,342,367,1033,420,151854
2004-12-07 00:00:00,0.8995290000000001,0.7754880000000001,338,396,1061,416,136817
2004-12-14 00:00:00,0.854635,0.6834210000000001,302,383,1026,408,150127
2004-12-21 00:00:00,1.0112299999999999,0.781075,368,516,1219,419,156067
2004-12-28 00:00:00,0.977808,0.8069430000000001,381,484,1204,447,149205
2005-01-04 00:00:00,1.1777799999999998,1.07635,1172,1256,3586,1113,333164
2005-01-11 00:00:00,1.21947,1.05869,1285,1247,3582,1160,338343
2005-01-18 00:00:00,1.3069,1.11523,1393,1525,4122,1216,369609
2005-01-25 00:00:00,1.33931,1.12381,1439,1599,4248,1237,377999
2005-02-01 00:00:00,1.58374,1.25489,1639,1894,5005,1280,398840
2005-02-08 00:00:00,1.47072,1.33661,1563,1929,5038,1272,376924
2005-02-15 00:00:00,1.6112,1.3786399999999999,1679,1951,5276,1277,382697
2005-02-22 00:00:00,1.8269900000000001,1.60829,1666,1593,4802,1301,298578
2005-03-01 00:00:00,1.77482,1.48311,1858,2176,5966,1325,402264
2005-03-08 00:00:00,1.94451,1.6537400000000002,1987,2463,6371,1328,385248
2005-03-15 00:00:00,2.35512,2.00679,2241,3063,7697,1318,383548
2005-03-22 00:00:00,3.10878,2.5685700000000002,2696,3058,8577,1287,333921
2005-03-29 00:00:00,3.2823800000000003,3.05278,2678,2561,8842,1273,289638
2005-04-05 00:00:00,2.62914,2.42504,2422,2366,8339,1319,343871
2005-04-12 00:00:00,2.2515,2.00195,2272,2921,7882,1339,393716
2005-04-19 00:00:00,2.35858,2.0586900000000004,2249,3150,7858,1297,381699
2005-04-26 00:00:00,2.4188099999999997,2.21277,2643,3646,9114,1331,411882
2005-05-03 00:00:00,2.52752,2.3222,2612,4153,9551,1320,411291
2005-05-10 00:00:00,2.64954,2.4927900000000003,2754,4593,10427,1311,418286
2005-05-17 00:00:00,3.12935,2.79489,2624,4979,11226,1288,401661
2005-05-24 00:00:00,3.12442,2.9691099999999997,2753,5284,11901,1288,400827
2005-05-31 00:00:00,3.13099,2.8395900000000003,2579,5008,11343,1275,399459
2005-06-07 00:00:00,3.08261,2.77799,2564,5106,11261,1257,405365
2005-06-14 00:00:00,2.64431,2.47287,2330,4154,9322,1241,376971
2005-06-21 00:00:00,2.42295,2.1806099999999997,1895,3709,8064,1217,369804
2005-06-28 00:00:00,2.31141,2.0168,1697,3393,7313,1165,362605
2005-07-05 00:00:00,1.8638299999999999,1.6410099999999999,1437,2660,5738,1133,349662
2005-07-12 00:00:00,1.44943,1.35829,1181,2014,4547,1087,334760
2005-07-19 00:00:00,1.30227,1.1428,959,1479,3550,1045,310641
2005-07-26 00:00:00,1.13459,1.04031,836,1382,3177,1017,305389
2005-08-02 00:00:00,1.06255,0.964347,745,1208,2780,958,288278
2005-08-09 00:00:00,1.0342799999999999,0.937982,745,1039,2592,919,276338
2005-08-16 00:00:00,1.01791,0.947449,715,969,2428,877,256267
2005-08-23 00:00:00,0.918151,0.891918,699,764,2061,783,231075
2005-08-30 00:00:00,0.93099,0.864643,572,561,1645,649,190252
2005-09-06 00:00:00,0.857294,0.9703200000000001,754,626,2075,635,213847
2005-09-13 00:00:00,0.7862939999999999,0.84439,514,447,1430,615,169353
2005-09-20 00:00:00,0.719426,0.77487,463,409,1300,610,167770
2005-09-27 00:00:00,0.7188680000000001,0.8213719999999999,466,390,1271,572,154741
2005-10-04 00:00:00,0.774807,0.8727450000000001,437,402,1215,565,139216
2005-10-11 00:00:00,0.76598,0.922635,549,511,1617,577,175259
2005-10-18 00:00:00,0.642809,0.899487,541,440,1553,564,172654
2005-10-25 00:00:00,0.622033,0.843082,502,403,1455,564,172581
2005-11-01 00:00:00,0.616326,0.8818239999999999,508,430,1428,551,161937
2005-11-08 00:00:00,0.6856939999999999,0.817145,473,435,1373,547,168024
2005-11-15 00:00:00,0.6226970000000001,0.8715,510,466,1457,536,167183
2005-11-22 00:00:00,0.611817,0.738621,404,379,1138,503,154071
2005-11-29 00:00:00,0.638831,0.797966,398,457,1224,488,153390
2005-12-06 00:00:00,0.8066270000000001,1.01394,492,506,1463,491,144289
2005-12-13 00:00:00,0.7624479999999999,0.880936,446,521,1406,487,159603
2005-12-20 00:00:00,0.8134060000000001,0.943366,511,534,1487,455,157627
2005-12-27 00:00:00,0.807934,0.891546,476,512,1433,469,160732
2006-01-03 00:00:00,1.15384,1.2032200000000002,1434,1699,4513,1323,375076
2006-01-10 00:00:00,1.14819,1.05788,1278,1602,4072,1361,384920
2006-01-17 00:00:00,1.22736,1.1305399999999999,1543,1830,4737,1425,419005
2006-01-24 00:00:00,1.2174399999999999,1.12552,1582,1996,4888,1445,434287
2006-01-31 00:00:00,1.32813,1.2080799999999998,1672,2270,5380,1473,445334
2006-02-07 00:00:00,1.4775399999999999,1.34952,2112,2393,6139,1497,454901
2006-02-14 00:00:00,1.5339,1.4689,2355,2681,6668,1474,453945
2006-02-21 00:00:00,1.9126900000000002,1.8276700000000001,2188,2202,6156,1488,336822
2006-02-28 00:00:00,1.838,1.6656,2573,2792,7530,1486,452089
2006-03-07 00:00:00,1.95376,1.85968,2643,3244,8122,1493,436741
2006-03-14 00:00:00,2.40407,2.3889099999999996,3270,4470,10396,1492,435177
2006-03-21 00:00:00,2.87453,2.78978,3387,4065,10192,1435,365334
2006-03-28 00:00:00,3.02597,3.1154900000000003,3243,2868,8913,1359,286087
2006-04-04 00:00:00,2.37817,2.26942,2927,2481,8386,1490,369521
2006-04-11 00:00:00,2.09232,1.86355,2507,2756,7761,1467,416464
2006-04-18 00:00:00,2.2939599999999998,1.9998599999999997,2548,3248,7909,1470,395477
2006-04-25 00:00:00,2.7450099999999997,2.4406,3410,4684,10888,1495,446119
2006-05-02 00:00:00,3.04434,2.83018,3456,5648,12120,1472,428241
2006-05-09 00:00:00,3.49999,3.12343,3840,6995,14197,1484,454533
2006-05-16 00:00:00,3.5785099999999996,3.27019,3879,6668,14031,1461,429057
2006-05-23 00:00:00,3.28979,3.1775700000000002,3728,6537,14048,1460,442099
2006-05-30 00:00:00,2.89149,2.72364,3016,5429,11801,1428,433281
2006-06-06 00:00:00,2.62075,2.50201,2798,4937,10715,1408,428255
2006-06-13 00:00:00,2.5338700000000003,2.4272,2668,4031,9597,1361,395394
2006-06-20 00:00:00,2.07251,1.9604099999999998,2049,3307,7562,1333,385735
2006-06-27 00:00:00,1.87084,1.5914,1664,2508,6148,1303,386327
2006-07-04 00:00:00,1.40042,1.36978,1445,1803,4958,1284,361955
2006-07-11 00:00:00,1.4688700000000001,1.36317,1429,1821,4869,1240,357183
2006-07-18 00:00:00,1.15514,1.1737,1257,1523,4179,1206,356055
2006-07-25 00:00:00,1.07901,1.06358,1152,1386,3695,1152,347413
2006-08-01 00:00:00,0.98492,0.9697110000000001,969,1143,3077,1119,317311
2006-08-08 00:00:00,1.03325,0.965362,917,1055,2860,1057,296262
2006-08-15 00:00:00,0.926649,0.856749,815,861,2442,1025,285031
2006-08-22 00:00:00,0.9201,0.863346,761,785,2243,925,259803
2006-08-29 00:00:00,0.954094,0.93537,722,652,2058,831,220020
2006-09-05 00:00:00,0.763278,0.7455689999999999,628,510,1679,796,225197
2006-09-12 00:00:00,0.81722,0.740428,598,469,1614,771,217982
2006-09-19 00:00:00,0.764586,0.6728970000000001,521,441,1456,749,216378
2006-09-26 00:00:00,0.793127,0.6662819999999999,514,408,1455,742,218376
2006-10-03 00:00:00,0.66909,0.662747,394,360,1169,711,176387
2006-10-10 00:00:00,0.62115,0.545619,366,372,1086,697,199040
2006-10-17 00:00:00,0.6036590000000001,0.5862310000000001,446,345,1211,698,206574
2006-10-24 00:00:00,0.649058,0.660687,477,392,1356,691,205241
2006-10-31 00:00:00,0.568338,0.534093,321,311,1037,677,194161
2006-11-07 00:00:00,0.651546,0.585549,389,385,1172,667,200154
2006-11-14 00:00:00,0.652176,0.618075,439,411,1283,666,207580
2006-11-21 00:00:00,0.8038489999999999,0.687465,495,457,1448,671,210629
2006-11-28 00:00:00,0.787458,0.715696,502,500,1526,652,213219
2006-12-05 00:00:00,0.943263,0.829313,519,545,1554,641,187384
2006-12-12 00:00:00,0.946932,0.800912,496,682,1694,638,211509
2006-12-19 00:00:00,0.987146,0.918484,609,681,1913,632,208278
2006-12-26 00:00:00,1.05206,0.8142590000000001,729,788,2228,703,273623
2007-01-02 00:00:00,0.9951840000000001,1.07197,2187,1997,5641,1373,526227
2007-01-09 00:00:00,1.22003,1.21786,2387,2433,6444,1429,529126
2007-01-16 00:00:00,1.28548,1.24576,2583,2551,6941,1449,557172
2007-01-23 00:00:00,1.3775,1.35984,2871,2788,7434,1477,546680
2007-01-30 00:00:00,1.46725,1.44671,3074,2998,7915,1485,547104
2007-02-06 00:00:00,1.55841,1.5328600000000001,3398,3303,8687,1539,566717
2007-02-13 00:00:00,1.61958,1.6665299999999998,3563,3290,9104,1516,546284
2007-02-20 00:00:00,1.8112,1.97488,3651,2631,8570,1523,433951
2007-02-27 00:00:00,1.61865,1.67305,3679,3158,9171,1513,548159
2007-03-06 00:00:00,1.62124,1.63405,3365,2907,8436,1487,516263
2007-03-13 00:00:00,1.6735099999999998,1.74595,3298,2694,8091,1453,463416
2007-03-20 00:00:00,1.9509599999999998,1.9364299999999999,3580,2724,8750,1420,451862
2007-03-27 00:00:00,2.5001900000000004,2.48905,3848,2348,8902,1426,357646
2007-04-03 00:00:00,2.43939,2.25405,3737,2568,9706,1486,430603
2007-04-10 00:00:00,2.29319,2.09147,3393,3644,11115,1509,531444
2007-04-17 00:00:00,2.62907,2.35934,3664,4900,12197,1511,516966
2007-04-24 00:00:00,3.9296599999999997,3.3233099999999998,4289,7661,17171,1508,516683
2007-05-01 00:00:00,4.99202,4.43381,5222,11974,24812,1514,559609
2007-05-08 00:00:00,5.7776,5.34547,6059,15323,31896,1526,596692
2007-05-15 00:00:00,5.98318,5.42258,6244,14336,31625,1518,583210
2007-05-22 00:00:00,5.61677,5.303030000000001,5922,12783,30245,1497,570334
2007-05-29 00:00:00,4.5323400000000005,4.24456,4978,9958,25027,1453,589626
2007-06-05 00:00:00,3.83249,3.628,4420,7849,20254,1445,558269
2007-06-12 00:00:00,3.21522,3.03463,3878,6112,16714,1412,550776
2007-06-19 00:00:00,2.69245,2.53595,3153,4493,13040,1395,514205
2007-06-26 00:00:00,2.03366,2.0573,2689,3395,10376,1379,504350
2007-07-03 00:00:00,1.65275,1.7415,2372,2697,8583,1327,492850
2007-07-10 00:00:00,1.3113,1.40652,2045,2354,7045,1318,500881
2007-07-17 00:00:00,1.1652,1.26861,1857,2013,6079,1288,479187
2007-07-24 00:00:00,1.02035,1.0771899999999999,1572,1713,4953,1208,459808
2007-07-31 00:00:00,0.877607,0.993445,1466,1416,4224,1147,425187
2007-08-07 00:00:00,0.8251069999999999,0.9112120000000001,1356,1381,4011,1098,440183
2007-08-14 00:00:00,0.787315,0.972109,1439,1274,3904,1074,401601
2007-08-21 00:00:00,0.805439,0.993258,1393,1116,3646,945,367075
2007-08-28 00:00:00,0.8860610000000001,1.09132,1473,1083,3803,869,348477
2007-09-04 00:00:00,0.743743,0.888446,1159,906,2933,789,330127
2007-09-11 00:00:00,0.706842,0.887691,1113,886,2906,764,327366
2007-09-18 00:00:00,0.655943,0.883187,1115,855,2842,755,321789
2007-09-25 00:00:00,0.633492,0.8267559999999999,937,810,2534,730,306499
2007-10-02 00:00:00,0.571837,0.783201,913,762,2405,713,307073
2007-10-09 00:00:00,0.5582779999999999,0.78061,881,749,2431,710,311423
2007-10-16 00:00:00,0.597893,0.769073,826,703,2319,696,301532
2007-10-23 00:00:00,0.577222,0.721298,779,704,2166,694,300292
2007-10-30 00:00:00,0.5969869999999999,0.7525270000000001,788,763,2289,676,304175
2007-11-06 00:00:00,0.564653,0.752721,679,706,2220,668,294930
2007-11-13 00:00:00,0.5856819999999999,0.792766,789,745,2368,657,298701
2007-11-20 00:00:00,0.503985,0.743896,730,754,2237,657,300714
2007-11-27 00:00:00,0.468139,0.814166,794,892,2429,636,298342
2007-12-04 00:00:00,0.576455,0.8384010000000001,774,880,2461,666,293535
2007-12-11 00:00:00,0.681361,0.851124,859,994,2788,685,327567
2007-12-18 00:00:00,0.794764,1.10976,1062,1527,3735,679,336560
2007-12-25 00:00:00,0.868116,1.03114,983,1306,3400,716,329731
2008-01-01 00:00:00,1.06828,1.02284,1535,2352,5687,1435,555999
2008-01-08 00:00:00,1.00756,1.03017,1861,2291,5959,1500,578446
2008-01-15 00:00:00,0.979399,1.01245,1869,2219,5896,1525,582351
2008-01-22 00:00:00,1.0494299999999999,1.08359,1976,2474,6485,1527,598473
2008-01-29 00:00:00,1.13218,1.1657799999999998,2119,2547,6987,1545,599343
2008-02-05 00:00:00,1.1315600000000001,1.1913,2276,2668,7297,1555,612526
2008-02-12 00:00:00,1.15469,1.28075,2512,2854,7667,1555,598635
2008-02-19 00:00:00,1.20448,1.27053,2600,2828,7733,1563,608646
2008-02-26 00:00:00,1.36081,1.59578,3024,2412,7634,1523,478386
2008-03-04 00:00:00,1.30322,1.4585,3114,2913,8708,1551,597052
2008-03-11 00:00:00,1.3020399999999999,1.49921,3252,3024,8689,1543,579573
2008-03-18 00:00:00,1.45109,1.62982,3137,2579,7812,1416,479318
2008-03-25 00:00:00,1.7992700000000001,2.15561,3897,2367,8706,1484,403876
2008-04-01 00:00:00,2.12134,2.02053,3814,2042,8603,1490,425780
2008-04-08 00:00:00,1.47138,1.54566,3245,2548,8956,1539,579428
2008-04-15 00:00:00,1.61555,1.6422400000000001,3142,3345,9289,1512,565631
2008-04-22 00:00:00,1.95333,1.96524,3602,4597,11456,1566,582932
2008-04-29 00:00:00,2.4290700000000003,2.34368,4039,6602,14324,1554,611176
2008-05-06 00:00:00,2.96686,2.86057,4606,8882,18268,1580,638613
2008-05-13 00:00:00,3.57354,3.3421,5064,11215,21667,1569,648304
2008-05-20 00:00:00,3.3665300000000005,3.20566,4848,9851,20022,1543,624583
2008-05-27 00:00:00,3.2962,3.10049,4694,10092,20450,1544,659573
2008-06-03 00:00:00,3.17227,2.95819,4420,9116,18441,1534,623389
2008-06-10 00:00:00,2.5804,2.46381,4046,7446,15711,1524,637672
2008-06-17 00:00:00,2.42922,2.19272,3657,6036,13277,1494,605503
2008-06-24 00:00:00,1.9902799999999998,1.87395,3237,5052,11400,1470,608342
2008-07-01 00:00:00,1.72423,1.6481700000000001,2829,4283,9669,1440,586651
2008-07-08 00:00:00,1.60355,1.49878,2577,3407,8460,1422,564460
2008-07-15 00:00:00,1.2841799999999999,1.29233,2371,2761,7222,1415,558837
2008-07-22 00:00:00,1.2932,1.2716399999999999,2353,2855,7348,1445,577836
2008-07-29 00:00:00,2.74012,2.98159,4821,8043,18627,1405,624734
2008-08-05 00:00:00,2.22391,2.43702,3920,6221,14578,1422,598189
2008-08-12 00:00:00,1.76657,2.2813,3236,5888,12554,1372,550300
2008-08-19 00:00:00,1.9217099999999998,3.81572,4188,12026,20774,1331,544432
2008-08-26 00:00:00,1.8611,4.21315,4496,12461,22394,1314,531526
2008-09-02 00:00:00,1.68423,3.1783200000000003,3865,8615,17105,1305,538177
2008-09-09 00:00:00,1.7393,2.50972,3072,5660,12392,1296,493761
2008-09-16 00:00:00,1.83001,2.06632,2623,4740,10780,1280,521701
2008-09-23 00:00:00,1.58128,1.71805,2299,3700,8801,1279,512268
2008-09-30 00:00:00,1.4917200000000002,1.55965,2145,2893,7422,1237,475877
2008-10-07 00:00:00,1.389,1.30856,1701,2481,6290,1246,480680
2008-10-14 00:00:00,1.34702,1.18695,1581,2437,5964,1248,502466
2008-10-21 00:00:00,1.16056,1.13796,1608,2285,5735,1248,503971
2008-10-28 00:00:00,1.2085,1.15005,1519,2199,5587,1254,485804
2008-11-04 00:00:00,1.15544,1.1126200000000002,1651,2082,5526,1230,496666
2008-11-11 00:00:00,1.1451799999999999,1.1614200000000001,1645,2321,5877,1234,506019
2008-11-18 00:00:00,1.4664,1.64107,2167,4210,8941,1286,544827
2008-11-25 00:00:00,2.38017,2.47166,2883,8253,14556,1320,588916
2008-12-02 00:00:00,3.4468099999999997,3.71969,3713,13114,21350,1358,573972
2008-12-09 00:00:00,4.05315,3.94975,4087,13407,22561,1367,571201
2008-12-16 00:00:00,4.26621,4.08756,4445,15326,26091,1380,638302
2008-12-23 00:00:00,4.21579,4.0189699999999995,4462,14152,24454,1313,608464
2008-12-30 00:00:00,4.8861,4.603619999999999,4974,16291,27919,1331,606458
2009-01-06 00:00:00,6.06923,5.66087,9302,27406,48420,2056,855346
2009-01-13 00:00:00,7.09467,6.81522,11527,32585,58196,2134,853912
2009-01-20 00:00:00,7.7151,7.6188899999999995,13187,39364,69068,2162,906536
2009-01-27 00:00:00,7.55134,7.3883600000000005,13174,36860,66411,2167,898860
2009-02-03 00:00:00,6.6711800000000006,6.33927,12161,30860,57017,2197,899425
2009-02-10 00:00:00,5.20633,4.94349,10151,21112,42729,2191,864348
2009-02-17 00:00:00,4.04477,3.80996,8979,14652,32520,2157,853552
2009-02-24 00:00:00,3.4972199999999996,3.44106,7716,8237,22508,2146,654101
2009-03-03 00:00:00,2.69023,2.6677299999999997,7195,7988,21730,2122,814550
2009-03-10 00:00:00,2.47119,2.4718299999999997,6490,7218,19325,2093,781811
2009-03-17 00:00:00,2.44773,2.345,6275,5785,17081,2014,728401
2009-03-24 00:00:00,2.64594,2.71435,6078,4127,14575,1934,536961
2009-03-31 00:00:00,2.61567,2.67667,6598,3726,15613,1937,583299
2009-04-07 00:00:00,1.9071200000000001,1.9828400000000002,4998,3961,14299,1996,721138
2009-04-14 00:00:00,1.8673799999999998,1.82749,4877,4614,14088,2016,770895
2009-04-21 00:00:00,1.8807200000000002,1.9260599999999999,5399,5079,14757,2053,766177
2009-04-28 00:00:00,1.96908,1.92495,5333,5655,15122,2026,785580
2009-05-05 00:00:00,2.11387,2.0887700000000002,5816,6142,16037,1996,767773
2009-05-12 00:00:00,2.09695,2.0343400000000003,5496,5577,15381,1977,756068
2009-05-19 00:00:00,1.90294,1.97649,5388,5536,15065,1954,762208
2009-05-26 00:00:00,1.9695099999999999,1.9936200000000002,5040,6207,16087,1990,806925
2009-06-02 00:00:00,1.9233099999999999,1.8538299999999999,4281,5685,14486,1953,781411
2009-06-09 00:00:00,1.8965900000000002,1.8673,4612,5270,14354,1946,768702
2009-06-16 00:00:00,1.7518099999999999,1.69987,4063,4466,12601,1933,741293
2009-06-23 00:00:00,1.5263200000000001,1.4974100000000001,3625,4108,11191,1917,747358
2009-06-30 00:00:00,1.4957200000000002,1.45112,3408,3733,10359,1875,713863
2009-07-07 00:00:00,1.2231299999999998,1.20715,3090,2933,8813,1850,730068
2009-07-14 00:00:00,1.17754,1.17415,3117,3110,8801,1831,749563
2009-07-21 00:00:00,1.09112,1.1620700000000002,2921,3044,8362,1765,719580
2009-07-28 00:00:00,1.11958,1.17213,3081,2972,8440,1755,720054
2009-08-04 00:00:00,1.08169,1.12168,2781,2901,7914,1710,705551
2009-08-11 00:00:00,1.12497,1.14981,2851,2645,7697,1664,669414
2009-08-18 00:00:00,1.06197,1.1332799999999998,2816,2553,7603,1624,670887
2009-08-25 00:00:00,1.08909,1.08171,2636,2188,6853,1497,633532
2009-09-01 00:00:00,1.1776,1.19959,2413,2172,6595,1421,549773
2009-09-08 00:00:00,0.97493,0.952808,2147,1831,5755,1435,604004
2009-09-15 00:00:00,0.987132,0.916032,1975,1784,5316,1405,580329
2009-09-22 00:00:00,0.995991,0.926582,2027,1779,5334,1384,575664
2009-09-29 00:00:00,0.904726,0.8696200000000001,1754,1541,4718,1347,542536
2009-10-06 00:00:00,0.9419270000000001,0.903133,1753,1566,4691,1353,519414
2009-10-13 00:00:00,0.880415,0.773776,1458,1450,4234,1284,547187
2009-10-20 00:00:00,0.842615,0.7427739999999999,1323,1335,3950,1265,531790
2009-10-27 00:00:00,0.858382,0.730934,1290,1279,3850,1250,526723
2009-11-03 00:00:00,0.83383,0.786882,1381,1357,4077,1241,518121
2009-11-10 00:00:00,0.8474370000000001,0.763051,1378,1307,4008,1212,525260
2009-11-17 00:00:00,0.888273,0.841043,1485,1592,4518,1225,537190
2009-11-24 00:00:00,0.765372,0.791573,1520,1592,4420,1235,558382
2009-12-01 00:00:00,0.91858,0.912732,1564,1866,5007,1170,548573
2009-12-08 00:00:00,1.01432,1.03398,1850,1959,5493,1198,531250
2009-12-15 00:00:00,1.01233,0.934009,1720,2118,5510,1210,589930
2009-12-22 00:00:00,1.1180299999999999,1.08189,2134,2510,6741,1206,623077
2009-12-29 00:00:00,1.11806,1.0656299999999999,1995,2383,6387,1254,599366
2010-01-05 00:00:00,1.1093899999999999,1.13505,2627,3142,8473,1838,746485
2010-01-12 00:00:00,1.2434100000000001,1.2525600000000001,2953,3522,9347,1875,746230
2010-01-19 00:00:00,1.25726,1.2457,3044,3641,9684,1907,777397
2010-01-26 00:00:00,1.25734,1.2677399999999999,3226,3822,9904,1929,781234
2010-02-02 00:00:00,1.43414,1.43723,3451,4397,11020,1947,766753
2010-02-09 00:00:00,1.5183799999999998,1.53341,3927,4679,11807,1940,769982
2010-02-16 00:00:00,1.61617,1.69445,4416,5322,13336,1921,787038
2010-02-23 00:00:00,1.84378,1.9915,4598,4145,12079,1938,606527
2010-03-02 00:00:00,1.72535,1.81305,5045,4978,13997,1964,772016
2010-03-09 00:00:00,1.87923,2.0142599999999997,5060,5867,14958,1936,742606
2010-03-16 00:00:00,2.3371,2.5565900000000004,6300,7194,18022,1916,704923
2010-03-23 00:00:00,3.03533,3.38185,7295,7071,19899,1840,588406
2010-03-30 00:00:00,3.136,3.43172,7478,5764,20346,1887,592880
2010-04-06 00:00:00,2.53336,2.69151,6584,6342,20026,1923,744043
2010-04-13 00:00:00,2.91288,2.91063,6238,7773,20721,1921,711908
2010-04-20 00:00:00,3.4449699999999996,3.49232,7247,11243,26257,1964,751850
2010-04-27 00:00:00,4.16185,4.0037,8007,15291,31975,1947,798637
2010-05-04 00:00:00,4.55159,4.43534,8195,16366,34284,1970,772974
2010-05-11 00:00:00,4.46504,4.24215,8036,16516,34456,1961,812230
2010-05-18 00:00:00,4.55124,4.39719,8172,17493,36567,1910,831600
2010-05-25 00:00:00,4.0822,3.90256,7839,13718,31277,1908,801449
2010-06-01 00:00:00,3.38812,3.15073,6376,10496,24627,1860,781629
2010-06-08 00:00:00,2.99142,2.72422,5691,8427,20377,1829,747993
2010-06-15 00:00:00,2.61542,2.33336,5363,6702,17309,1823,741807
2010-06-22 00:00:00,2.09065,1.925,4400,5489,14031,1790,728883
2010-06-29 00:00:00,1.86146,1.75243,4189,5025,12957,1770,739375
2010-07-06 00:00:00,1.6137700000000001,1.57704,3701,4557,11498,1723,729089
2010-07-13 00:00:00,1.4219899999999999,1.35766,3164,3562,9391,1681,691707
2010-07-20 00:00:00,1.3382,1.31223,3139,3064,8695,1651,662612
2010-07-27 00:00:00,1.19995,1.14937,2895,2673,7830,1612,681240
2010-08-03 00:00:00,1.14889,1.1145100000000001,2532,2553,7307,1585,655627
2010-08-10 00:00:00,1.12194,1.10984,2551,2595,7236,1556,651983
2010-08-17 00:00:00,1.06712,1.0524,2353,2280,6530,1516,620485
2010-08-24 00:00:00,1.0505799999999998,1.03536,2213,2110,6072,1381,586460
2010-08-31 00:00:00,1.1520299999999999,1.1177700000000002,2249,1980,5946,1357,531954
2010-09-07 00:00:00,0.970975,0.982949,2040,1760,5547,1296,564322
2010-09-14 00:00:00,0.894683,0.9251940000000001,1812,1599,4989,1279,539238
2010-09-21 00:00:00,0.843568,0.8355309999999999,1604,1422,4448,1251,532356
2010-09-28 00:00:00,0.815409,0.832393,1472,1462,4218,1225,506732
2010-10-05 00:00:00,0.823052,0.855591,1423,1269,4009,1211,468565
2010-10-12 00:00:00,0.674635,0.7069489999999999,1255,1206,3721,1220,526346
2010-10-19 00:00:00,0.631883,0.694387,1243,1184,3597,1203,518011
2010-10-26 00:00:00,0.641513,0.687976,1251,1188,3538,1179,514262
2010-11-02 00:00:00,0.529813,0.6447430000000001,1088,1125,3202,1175,496632
2010-11-09 00:00:00,0.644089,0.67533,1207,1223,3523,1175,521671
2010-11-16 00:00:00,0.667718,0.72823,1342,1358,3874,1191,531975
2010-11-23 00:00:00,0.7056680000000001,0.8065260000000001,1505,1600,4444,1195,551005
2010-11-30 00:00:00,0.8041550000000001,0.860408,1528,1781,4717,1200,548228
2010-12-07 00:00:00,0.907804,0.936075,1622,1809,4813,1184,514168
2010-12-14 00:00:00,1.00555,0.966683,1788,2206,5567,1196,575887
2010-12-21 00:00:00,1.03601,0.996007,1816,2264,5822,1201,584534
2010-12-28 00:00:00,1.0758299999999998,1.10846,2248,2514,6708,1213,605162
2011-01-04 00:00:00,1.1609200000000002,1.20345,3106,3485,9365,1850,778182
2011-01-11 00:00:00,1.19785,1.23777,3317,3667,9803,1883,791987
2011-01-18 00:00:00,1.27926,1.2525899999999999,3324,3837,9958,1905,794995
2011-01-25 00:00:00,1.2919399999999999,1.30546,3453,4035,10298,1900,788840
2011-02-01 00:00:00,1.42824,1.45295,3634,4658,11396,1925,784334
2011-02-08 00:00:00,1.3980299999999999,1.44089,3949,4348,11496,1946,797839
2011-02-15 00:00:00,1.45831,1.46221,3923,4361,11721,1900,801594
2011-02-22 00:00:00,1.56548,1.65573,4125,3340,10377,1918,626731
2011-03-01 00:00:00,1.34313,1.4660600000000001,4237,3955,11479,1904,782984
2011-03-08 00:00:00,1.48139,1.51811,3995,4040,11187,1898,736905
2011-03-15 00:00:00,1.63398,1.66429,4579,4097,12137,1872,729258
2011-03-22 00:00:00,1.8312599999999999,1.85274,5016,3535,11958,1851,645424
2011-03-29 00:00:00,2.10451,2.12413,5243,3184,12356,1821,581697
2011-04-05 00:00:00,1.73625,1.76709,4514,3393,11992,1891,678631
2011-04-12 00:00:00,1.55066,1.5434,4059,3636,11543,1883,747894
2011-04-19 00:00:00,1.62891,1.64762,4364,4030,11939,1887,724623
2011-04-26 00:00:00,1.7603799999999998,1.6843,4766,4802,13209,1891,784244
2011-05-03 00:00:00,1.9272799999999999,1.8635400000000002,5218,5336,14448,1885,775298
2011-05-10 00:00:00,1.9199400000000002,1.86408,5028,5555,14624,1875,784516
2011-05-17 00:00:00,2.09951,2.01839,5277,5994,15929,1884,789193
2011-05-24 00:00:00,2.2397299999999998,2.10385,5246,5990,16137,1853,767022
2011-05-31 00:00:00,2.21921,2.09555,5219,6239,16518,1826,788242
2011-06-07 00:00:00,2.16693,2.10398,4811,6493,15763,1816,749198
2011-06-14 00:00:00,2.3891299999999998,2.2941,5175,6768,17150,1819,747570
2011-06-21 00:00:00,1.9646599999999999,1.9222299999999999,4422,5683,14524,1780,755579
2011-06-28 00:00:00,1.8422900000000002,1.74239,3807,5256,13017,1753,747079
2011-07-05 00:00:00,1.6867400000000001,1.6760099999999998,3582,4631,11930,1729,711808
2011-07-12 00:00:00,1.53136,1.49637,3253,4059,10732,1707,717202
2011-07-19 00:00:00,1.3791200000000001,1.38202,3001,4020,10123,1699,732480
2011-07-26 00:00:00,1.29515,1.28926,2638,3802,9370,1675,726772
2011-08-02 00:00:00,1.39521,1.3580299999999998,2509,3671,8999,1564,662649
2011-08-09 00:00:00,1.32522,1.30833,2524,3468,8576,1546,655492
2011-08-16 00:00:00,1.23059,1.26692,2465,3087,8062,1503,636347
2011-08-23 00:00:00,1.2302799999999998,1.27731,2545,3011,7878,1415,616765
2011-08-30 00:00:00,1.2687700000000002,1.2991,2480,2601,7153,1409,550614
2011-09-06 00:00:00,1.10782,1.16297,2336,2352,6765,1365,581700
2011-09-13 00:00:00,1.09559,1.08612,2231,2024,6133,1289,564670
2011-09-20 00:00:00,1.1103100000000001,1.0568,2259,1974,6048,1295,572296
2011-09-27 00:00:00,1.10616,1.07871,2168,1850,5786,1260,536380
2011-10-04 00:00:00,1.10816,1.04662,1911,1706,5291,1271,505533
2011-10-11 00:00:00,0.999444,0.9281520000000001,1913,1751,5185,1240,558637
2011-10-18 00:00:00,0.924199,0.9019360000000001,1818,1640,4931,1223,546713
2011-10-25 00:00:00,0.949257,0.915356,1752,1721,5103,1250,557488
2011-11-01 00:00:00,0.9789030000000001,0.952548,1728,1706,5159,1240,541600
2011-11-08 00:00:00,0.925024,0.9166610000000001,1660,1718,5026,1248,548294
2011-11-15 00:00:00,0.848456,0.9017870000000001,1721,1755,5051,1238,560110
2011-11-22 00:00:00,1.04451,1.03315,2098,2128,6141,1238,594395
2011-11-29 00:00:00,1.0986,1.0523799999999999,1958,2335,6318,1238,600354
2011-12-06 00:00:00,1.22071,1.12713,1886,2294,6296,1242,558585
2011-12-13 00:00:00,1.24976,1.1866,2176,2870,7382,1252,622114
2011-12-20 00:00:00,1.22892,1.21415,2295,2972,7656,1268,630563
2011-12-27 00:00:00,1.29393,1.2519799999999999,2421,2867,7807,1248,623572
2012-01-03 00:00:00,1.23034,1.20559,2773,3691,9395,1932,779285
2012-01-10 00:00:00,1.3278,1.31929,2960,4007,10158,1940,769959
2012-01-17 00:00:00,1.33995,1.3273700000000002,3202,4233,10585,1968,797444
2012-01-24 00:00:00,1.37842,1.3668799999999999,3346,4268,10913,1958,798388
2012-01-31 00:00:00,1.50085,1.50535,3326,4422,11061,1929,734781
2012-02-07 00:00:00,1.65163,1.61273,3733,5145,12674,1974,785871
2012-02-14 00:00:00,1.7674599999999998,1.7520799999999999,4034,5526,13623,1966,777534
2012-02-21 00:00:00,2.30609,2.33365,4651,5387,14650,1968,627772
2012-02-28 00:00:00,2.16324,2.2268,5102,7018,18521,2006,831730
2012-03-06 00:00:00,2.83038,2.97657,6486,10857,24877,2006,835762
2012-03-13 00:00:00,3.43761,3.62552,7446,12945,29432,1977,811800
2012-03-20 00:00:00,4.305540000000001,4.5532,8546,13971,34332,1908,754019
2012-03-27 00:00:00,6.06082,6.025980000000001,9709,11391,36588,1905,607171
2012-04-03 00:00:00,4.64931,4.96368,8444,9108,34103,1982,687051
2012-04-10 00:00:00,4.32584,4.69072,8297,13424,39896,1995,850531
2012-04-17 00:00:00,4.5111300000000005,4.7047300000000005,8633,15992,39441,2008,838326
2012-04-24 00:00:00,4.2171,4.1646,7441,13439,32426,1978,778610
2012-05-01 00:00:00,3.78956,3.6953300000000002,6609,12653,29808,1963,806640
2012-05-08 00:00:00,3.2920599999999998,3.2363,5757,10816,24987,1931,772086
2012-05-15 00:00:00,3.0197,2.8942099999999997,5289,9395,22321,1926,771229
2012-05-22 00:00:00,2.7149900000000002,2.71742,5099,8415,20519,1940,755092
2012-05-29 00:00:00,2.4845,2.52297,4633,7981,19231,1893,762238
2012-06-05 00:00:00,2.57808,2.55227,4791,7709,18829,1884,737736
2012-06-12 00:00:00,2.39237,2.43225,4480,7065,17392,1846,715059
2012-06-19 00:00:00,2.06778,2.10851,3957,6095,15254,1825,723449
2012-06-26 00:00:00,1.90281,1.94725,3830,5204,13714,1811,704276
2012-07-03 00:00:00,1.6590200000000002,1.74859,3516,4299,12273,1769,701881
2012-07-10 00:00:00,1.43006,1.4971299999999998,3110,3929,10818,1742,722583
2012-07-17 00:00:00,1.27757,1.32313,2707,3509,9188,1732,694415
2012-07-24 00:00:00,1.1900899999999999,1.2264700000000002,2588,3364,8589,1711,700300
2012-07-31 00:00:00,1.09556,1.19614,2439,3142,7986,1675,667648
2012-08-07 00:00:00,1.08589,1.19049,2422,2877,7704,1630,647130
2012-08-14 00:00:00,1.0734299999999999,1.17426,2431,2583,7317,1582,623114
2012-08-21 00:00:00,1.0167700000000002,1.13342,2230,2219,6589,1489,581338
2012-08-28 00:00:00,1.04847,1.14306,2109,2094,6190,1486,541528
2012-09-04 00:00:00,0.920349,1.00881,1983,1779,5638,1421,558875
2012-09-11 00:00:00,0.9207790000000001,1.02358,1969,1713,5539,1419,541138
2012-09-18 00:00:00,0.9043329999999999,1.00138,1877,1766,5474,1405,546643
2012-09-25 00:00:00,0.83057,0.9094979999999999,1703,1581,4915,1389,540408
2012-10-02 00:00:00,0.8628370000000001,0.950042,1594,1489,4506,1357,474295
2012-10-09 00:00:00,0.732182,0.829299,1576,1491,4510,1362,543833
2012-10-16 00:00:00,0.724558,0.802109,1432,1405,4186,1341,521874
2012-10-23 00:00:00,0.740848,0.806333,1416,1464,4233,1325,524969
2012-10-30 00:00:00,0.726037,0.796937,1216,1284,3886,1290,487617
2012-11-06 00:00:00,0.7556390000000001,0.7791359999999999,1367,1338,4075,1299,523015
2012-11-13 00:00:00,0.761847,0.797653,1364,1366,4168,1276,522533
2012-11-20 00:00:00,0.779896,0.825485,1331,1561,4317,1265,522965
2012-11-27 00:00:00,0.8991379999999999,0.9354690000000001,1499,1814,5053,1260,540157
2012-12-04 00:00:00,0.999524,1.04345,1681,2035,5626,1317,539175
2012-12-11 00:00:00,1.0558,1.09107,1926,2437,6374,1307,584196
2012-12-18 00:00:00,1.0967,1.20108,2175,2683,7110,1290,591969
2012-12-25 00:00:00,1.24709,1.26179,2393,2963,7963,1364,631088
2013-01-01 00:00:00,1.15746,1.13249,2974,3769,9677,1960,854487
2013-01-08 00:00:00,1.2718399999999999,1.2112100000000001,3276,3925,10420,1990,860298
2013-01-15 00:00:00,1.31623,1.25682,3483,3880,10658,2018,848016
2013-01-22 00:00:00,1.3744399999999999,1.37097,3930,4484,12036,2027,877917
2013-01-29 00:00:00,1.46781,1.42956,4045,4642,12502,2028,874537
2013-02-05 00:00:00,1.5834,1.53588,4434,5062,13498,2017,878845
2013-02-12 00:00:00,1.60253,1.60267,4643,5000,13927,2054,868987
2013-02-19 00:00:00,1.72344,1.7326700000000002,4835,5579,15168,2012,875411
2013-02-26 00:00:00,2.11076,2.09858,4937,4313,13975,2042,665926
2013-03-05 00:00:00,2.1708,2.21374,5549,6579,18920,2055,854664
2013-03-12 00:00:00,2.36971,2.4167400000000003,5501,7046,19398,2054,802651
2013-03-19 00:00:00,3.15997,3.03071,6555,8406,24697,2009,814891
2013-03-26 00:00:00,4.59053,4.38724,7814,7485,26988,2007,615148
2013-04-02 00:00:00,4.28195,4.2112,7488,6726,28654,2033,680424
2013-04-09 00:00:00,3.5628800000000003,3.4649199999999998,6233,7881,28147,2059,812343
2013-04-16 00:00:00,3.36378,3.3169800000000005,6007,9517,28370,2049,855297
2013-04-23 00:00:00,3.39659,3.2407,5878,8858,25502,2062,786928
2013-04-30 00:00:00,3.11922,2.88598,5133,8714,23484,2051,813726
2013-05-07 00:00:00,2.8357200000000002,2.6217200000000003,4729,7711,21085,2051,804244
2013-05-14 00:00:00,2.48484,2.3406700000000003,4210,6717,18195,2018,777340
2013-05-21 00:00:00,2.2741,2.12059,4250,6121,17234,2025,812700
2013-05-28 00:00:00,2.0724400000000003,1.91094,3953,5875,15914,1978,832786
2013-06-04 00:00:00,1.98207,1.9023,3775,5575,15044,1944,790831
2013-06-11 00:00:00,1.8244099999999999,1.7661900000000001,3616,5022,14024,1904,794024
2013-06-18 00:00:00,1.8203599999999998,1.85791,3798,5611,14926,1922,803374
2013-06-25 00:00:00,1.7539099999999999,1.8209400000000002,3523,5812,14661,1887,805133
2013-07-02 00:00:00,1.74542,1.83453,3582,5659,14637,1866,797863
2013-07-09 00:00:00,1.6723599999999998,1.75446,3574,5587,14206,1845,809707
2013-07-16 00:00:00,1.5165899999999999,1.51636,3130,4279,11723,1810,773101
2013-07-23 00:00:00,1.4477799999999998,1.40334,2846,3770,10814,1771,770592
2013-07-30 00:00:00,1.2902799999999999,1.2593,2501,3591,9648,1746,766139
2013-08-06 00:00:00,1.37388,1.32482,2789,3615,9775,1714,737834
2013-08-13 00:00:00,1.34208,1.27576,2544,3256,9033,1660,708049
2013-08-20 00:00:00,1.3456299999999999,1.29483,2733,3068,8797,1570,679395
2013-08-27 00:00:00,1.21291,1.2261,2528,2459,7658,1554,624582
2013-09-03 00:00:00,1.1929100000000001,1.1453799999999998,2383,2349,7229,1461,631143
2013-09-10 00:00:00,1.1414600000000001,1.0678,2227,2181,6783,1461,635233
2013-09-17 00:00:00,1.06503,1.07269,2159,2009,6369,1392,593740
2013-09-24 00:00:00,1.12669,1.01298,2049,1917,6038,1411,596063
2013-10-01 00:00:00,0.9473530000000001,0.994705,1865,1688,5352,1388,538049
2013-10-08 00:00:00,0.9441870000000001,0.880862,1758,1623,5295,1394,601116
2013-10-15 00:00:00,0.9348219999999999,0.858173,1582,1621,5083,1376,592305
2013-10-22 00:00:00,0.8173600000000001,0.8051520000000001,1455,1450,4765,1372,591814
2013-10-29 00:00:00,0.852792,0.8187810000000001,1450,1655,4942,1378,603580
2013-11-05 00:00:00,0.7469939999999999,0.7837350000000001,1460,1528,4744,1382,605307
2013-11-12 00:00:00,0.7610979999999999,0.8487030000000001,1528,1631,4980,1369,586778
2013-11-19 00:00:00,0.7676270000000001,0.8341459999999999,1569,1813,5305,1371,635980
2013-11-26 00:00:00,0.862176,0.9059809999999999,1684,2184,5799,1353,640080
2013-12-03 00:00:00,0.984907,1.04506,1753,2258,6050,1352,578913
2013-12-10 00:00:00,1.16287,1.16816,2300,3316,8130,1401,695966
2013-12-17 00:00:00,1.2273100000000001,1.27649,2535,3650,8888,1405,696282
2013-12-24 00:00:00,1.2071,1.29758,2522,3447,8874,1407,683887
2013-12-31 00:00:00,1.16191,1.20612,2958,3994,10150,1937,841540
2014-01-07 00:00:00,1.30905,1.32485,3055,4437,10977,1960,828544
2014-01-14 00:00:00,1.3707200000000002,1.41192,3442,4728,11941,2000,845727
2014-01-21 00:00:00,1.43373,1.42547,3455,4955,12292,2008,862314
2014-01-28 00:00:00,1.42791,1.43909,3632,5102,12313,2053,855608
2014-02-04 00:00:00,1.61605,1.61532,4277,5799,13853,2058,857601
2014-02-11 00:00:00,1.65976,1.6647299999999998,4424,5816,14062,1997,844700
2014-02-18 00:00:00,2.05459,2.0058,4740,7322,16674,2058,831289
2014-02-25 00:00:00,2.5354099999999997,2.62227,5432,6848,17602,2067,671251
2014-03-04 00:00:00,2.5425299999999997,2.6074900000000003,6185,9106,22905,2097,878430
2014-03-11 00:00:00,3.60563,3.4178,7424,13050,29172,2069,853532
2014-03-18 00:00:00,4.9097599999999995,4.46555,9270,16418,37382,2016,837119
2014-03-25 00:00:00,5.98221,6.11497,10363,13951,40533,1984,662849
2014-04-01 00:00:00,5.47421,5.3097900000000005,9732,9406,36891,1983,694773
2014-04-08 00:00:00,4.2137400000000005,4.0789800000000005,7160,9589,31483,1958,771835
2014-04-15 00:00:00,4.21022,3.93762,7044,11966,31204,1971,792459
2014-04-22 00:00:00,4.25968,4.15076,7840,13949,33221,1966,800359
2014-04-29 00:00:00,3.97761,3.87899,7118,13159,30621,1955,789407
2014-05-06 00:00:00,3.6344300000000005,3.4579400000000002,6656,12093,28151,1950,814097
2014-05-13 00:00:00,3.26527,3.06359,6429,10328,25218,1917,823153
2014-05-20 00:00:00,2.93083,2.82646,5537,8164,21109,1907,746836
2014-05-27 00:00:00,2.54474,2.3599,4823,7280,19178,1934,812660
2014-06-03 00:00:00,2.47227,2.33472,4639,7116,18441,1912,789858
2014-06-10 00:00:00,2.35665,2.21286,4710,6748,17833,1907,805881
2014-06-17 00:00:00,2.17008,2.07619,4559,6084,16695,1883,804117
2014-06-24 00:00:00,2.04297,2.01267,4418,6003,16122,1848,801027
2014-07-01 00:00:00,1.954,1.94192,4174,5623,14975,1819,771143
2014-07-08 00:00:00,1.7228700000000001,1.7480900000000001,3903,4634,13733,1820,785602
2014-07-15 00:00:00,1.53694,1.50367,3448,4214,12044,1813,800974
2014-07-22 00:00:00,1.38283,1.4349399999999999,3182,4011,10860,1768,756827
2014-07-29 00:00:00,1.46265,1.4567299999999999,3203,4280,11095,1753,761638
2014-08-05 00:00:00,1.38934,1.42836,3106,4079,10694,1735,748690
2014-08-12 00:00:00,1.3468,1.35297,2805,3641,9671,1688,714799
2014-08-19 00:00:00,1.25452,1.33093,2754,3296,9024,1622,678023
2014-08-26 00:00:00,1.21636,1.2842200000000001,2593,2714,7913,1579,616171
2014-09-02 00:00:00,1.16734,1.13889,2211,2345,6946,1505,609891
2014-09-09 00:00:00,1.04654,1.10343,2109,2284,6744,1455,611184
2014-09-16 00:00:00,0.9436610000000001,0.9707479999999999,1734,2046,5850,1459,602628
2014-09-23 00:00:00,0.9350459999999999,0.9986809999999999,1897,1921,5913,1445,592081
2014-09-30 00:00:00,0.9347260000000001,0.978057,1678,1701,5232,1417,534938
2014-10-07 00:00:00,0.864118,0.866431,1546,1675,5116,1428,590468
2014-10-14 00:00:00,0.806535,0.827757,1487,1609,4870,1411,588337
2014-10-21 00:00:00,0.742747,0.7975720000000001,1383,1498,4626,1401,580010
2014-10-28 00:00:00,0.737859,0.811221,1415,1459,4605,1352,567663
2014-11-04 00:00:00,0.743224,0.8211649999999999,1392,1590,4753,1364,578812
2014-11-11 00:00:00,0.805251,0.819435,1330,1667,4750,1340,579668
2014-11-18 00:00:00,0.816943,0.8480409999999999,1429,1815,5173,1356,609994
2014-11-25 00:00:00,0.8145180000000001,0.888524,1687,2033,5648,1362,635661
2014-12-02 00:00:00,0.86067,0.9628260000000001,1636,2292,5963,1354,619323
2014-12-09 00:00:00,0.886704,1.02252,1714,2169,5970,1349,583853
2014-12-16 00:00:00,1.00845,1.08392,1993,2744,7062,1369,651524
2014-12-23 00:00:00,1.06625,1.17724,2178,2947,7704,1367,654414
2014-12-30 00:00:00,1.05995,1.1716,2170,2746,7626,1332,650904
2015-01-06 00:00:00,1.22559,1.24325,2849,3693,10049,1963,808287
2015-01-13 00:00:00,1.31066,1.3234,3016,4007,10715,1976,809660
2015-01-20 00:00:00,1.3711,1.40399,3263,4360,11584,1995,825079
2015-01-27 00:00:00,1.39171,1.37629,3141,4148,11164,1999,811165
2015-02-03 00:00:00,1.4371200000000002,1.46866,3563,4783,12423,2048,845875
2015-02-10 00:00:00,1.50165,1.5330000000000001,3746,4725,12676,2028,826877
2015-02-17 00:00:00,1.59805,1.6084100000000001,3960,5076,13484,2023,838344
2015-02-24 00:00:00,1.89668,1.90047,3974,4073,12158,2000,639738
2015-03-03 00:00:00,1.6772799999999999,1.73645,4469,5076,14617,2040,841777
2015-03-10 00:00:00,1.7829599999999999,1.81945,4575,5384,14986,2020,823657
2015-03-17 00:00:00,1.87336,1.9657099999999998,5135,5105,15396,2000,783227
2015-03-24 00:00:00,2.3214799999999998,2.42021,5377,4317,14839,1978,613128
2015-03-31 00:00:00,2.40991,2.41083,5700,4011,15679,1949,650356
2015-04-07 00:00:00,1.94328,1.98859,4775,4494,15654,2004,787192
2015-04-14 00:00:00,1.99796,1.98985,4574,5362,15517,2005,779809
2015-04-21 00:00:00,2.11829,2.1071,4804,5380,15661,2008,743249
2015-04-28 00:00:00,2.2511200000000002,2.19256,5088,6882,18143,2026,827482
2015-05-05 00:00:00,2.3711599999999997,2.3001400000000003,5135,7353,18944,2007,823602
2015-05-12 00:00:00,2.80035,2.6757400000000002,5645,8434,21774,2000,813755
2015-05-19 00:00:00,3.16475,3.02427,5997,9325,24681,1993,816098
2015-05-26 00:00:00,3.15183,3.11328,6299,10127,26423,1956,848718
2015-06-02 00:00:00,3.3321,3.3278800000000004,6619,11415,28468,1952,855439
2015-06-09 00:00:00,3.5602400000000003,3.5918,6660,11856,30481,1922,848628
2015-06-16 00:00:00,3.05479,3.09262,5574,9334,24894,1898,804948
2015-06-23 00:00:00,2.7673200000000002,2.78803,5187,8489,21940,1900,786936
2015-06-30 00:00:00,2.44161,2.52371,4581,7392,19603,1832,776752
2015-07-07 00:00:00,2.03348,2.12928,3707,6403,16769,1813,787543
2015-07-14 00:00:00,1.98593,2.0514200000000002,3572,6595,16261,1805,792672
2015-07-21 00:00:00,1.91514,1.98957,3515,6357,15437,1774,775895
2015-07-28 00:00:00,1.6996799999999999,1.7858,3157,5557,13836,1759,774777
2015-08-04 00:00:00,1.57635,1.60144,2772,4729,11870,1742,741210
2015-08-11 00:00:00,1.3935,1.4743,2871,4046,10707,1690,726244
2015-08-18 00:00:00,1.29941,1.42286,2688,3630,9798,1626,688612
2015-08-25 00:00:00,1.18379,1.38196,2612,3126,8787,1439,635835
2015-09-01 00:00:00,1.13723,1.33712,2545,2620,7997,1482,598077
2015-09-08 00:00:00,1.04118,1.13894,2293,2313,7201,1446,632252
2015-09-15 00:00:00,0.971814,1.09641,2189,2171,6768,1440,617287
2015-09-22 00:00:00,0.8633059999999999,0.999559,2062,1905,6024,1402,602666
2015-09-29 00:00:00,0.8337969999999999,0.99095,1873,1810,5686,1382,573793
2015-10-06 00:00:00,0.784516,0.9312530000000001,1646,1641,5118,1379,549582
2015-10-13 00:00:00,0.7343270000000001,0.843118,1610,1599,5078,1392,602288
2015-10-20 00:00:00,0.6988449999999999,0.8402860000000001,1670,1621,5044,1388,600272
2015-10-27 00:00:00,0.7230989999999999,0.8300649999999999,1580,1624,4925,1393,593327
2015-11-03 00:00:00,0.663501,0.790428,1455,1496,4596,1360,581457
2015-11-10 00:00:00,0.69276,0.8308260000000001,1512,1639,4868,1329,585923
2015-11-17 00:00:00,0.710029,0.8567959999999999,1644,1914,5265,1345,614499
2015-11-24 00:00:00,0.834232,1.00746,1848,2364,6260,1356,621362
2015-12-01 00:00:00,0.9926209999999999,1.0586799999999998,1815,2651,6504,1354,614349
2015-12-08 00:00:00,1.01605,1.10028,1883,2604,6623,1347,601938
2015-12-15 00:00:00,1.07169,1.1457,2026,3073,7639,1365,666755
2015-12-22 00:00:00,1.1016299999999999,1.2189,2341,3298,8229,1363,675119
2015-12-29 00:00:00,1.18841,1.31113,2413,3334,8505,1389,648678
2016-01-05 00:00:00,1.2019,1.27386,3110,4169,10864,1946,852842
2016-01-12 00:00:00,1.23108,1.29342,3207,4078,10997,1973,850228
2016-01-19 00:00:00,1.26796,1.33097,3564,4452,11926,1983,896035
2016-01-26 00:00:00,1.3629799999999999,1.42662,3786,4769,12648,2006,886570
2016-02-02 00:00:00,1.48535,1.57071,4314,5287,13790,1999,877947
2016-02-09 00:00:00,1.55954,1.65146,4703,5193,14258,1990,863356
2016-02-16 00:00:00,1.64783,1.7330900000000002,4979,5610,15160,2000,874739
2016-02-23 00:00:00,1.91275,2.03388,5032,4567,14208,2011,698566
2016-03-01 00:00:00,1.81725,1.8833099999999998,5209,5655,16605,2001,881694
2016-03-08 00:00:00,1.9143299999999999,2.00292,5501,5812,16961,2013,846813
2016-03-15 00:00:00,2.2100299999999997,2.27731,5744,6724,18463,2000,810736
2016-03-22 00:00:00,2.73568,2.91465,6653,7469,21565,1977,739882
2016-03-29 00:00:00,3.3683199999999998,3.5491900000000003,7712,7144,24900,1928,701569
2016-04-05 00:00:00,3.09689,3.08102,6716,6786,24178,2024,784740
2016-04-12 00:00:00,3.07346,3.01875,6020,8843,24897,1997,824746
2016-04-19 00:00:00,3.51643,3.40446,6399,12147,28781,2029,845391
2016-04-26 00:00:00,3.8027,3.52869,6958,14073,31265,2021,886023
2016-05-03 00:00:00,4.5031300000000005,4.10665,7452,17482,36517,2024,889216
2016-05-10 00:00:00,5.06308,4.7551,8110,20150,42890,2027,901978
2016-05-17 00:00:00,4.8600900000000005,4.65163,7726,18692,41035,1967,882163
2016-05-24 00:00:00,4.57916,4.57049,7649,17300,40124,1987,877892
2016-05-31 00:00:00,3.55674,3.4552199999999997,6129,12394,30183,1995,873547
2016-06-07 00:00:00,3.50417,3.29505,5854,11552,28060,1971,851580
2016-06-14 00:00:00,3.2151099999999997,3.16426,5503,10084,25484,1958,805370
2016-06-21 00:00:00,3.10088,3.14433,5514,11503,27354,1940,869946
2016-06-28 00:00:00,2.7905599999999997,2.8793599999999997,5145,10149,24342,1899,845397
2016-07-05 00:00:00,2.38547,2.36977,4488,8178,19677,1906,830332
2016-07-12 00:00:00,1.9703,1.9385299999999999,3909,5847,15548,1861,802052
2016-07-19 00:00:00,1.73442,1.64064,3306,4683,13006,1845,792740
2016-07-26 00:00:00,1.56303,1.4752,2997,4497,11924,1846,808298
2016-08-02 00:00:00,1.4128,1.37755,2890,4105,10762,1795,781240
2016-08-09 00:00:00,1.27492,1.33771,2751,3831,10202,1767,762648
2016-08-16 00:00:00,1.2834,1.34686,2685,3518,9809,1746,728288
2016-08-23 00:00:00,1.1666299999999998,1.26579,2341,3060,8564,1614,676574
2016-08-30 00:00:00,1.1097700000000001,1.25701,2311,2575,7756,1569,617021
2016-09-06 00:00:00,1.0433299999999999,1.16048,2412,2377,7510,1493,647145
2016-09-13 00:00:00,0.905151,1.04834,2049,2099,6636,1470,633003
2016-09-20 00:00:00,0.902718,0.992711,1930,1971,6240,1469,628582
2016-09-27 00:00:00,0.8595309999999999,0.9616030000000001,1771,1748,5596,1422,581945
2016-10-04 00:00:00,0.818998,0.9558180000000001,1728,1564,5326,1456,557219
2016-10-11 00:00:00,0.752505,0.8275969999999999,1545,1578,4961,1405,599446
2016-10-18 00:00:00,0.731146,0.811886,1549,1421,4747,1384,584688
2016-10-25 00:00:00,0.733295,0.818527,1576,1515,4879,1377,596071
2016-11-01 00:00:00,0.73102,0.829758,1529,1485,4899,1390,590413
2016-11-08 00:00:00,0.68834,0.8285030000000001,1559,1481,4915,1386,593239
2016-11-15 00:00:00,0.732049,0.8858959999999999,1603,1691,5230,1350,590363
2016-11-22 00:00:00,0.9111879999999999,1.05351,1964,2549,6653,1379,631507
2016-11-29 00:00:00,1.02105,1.11768,2076,2726,7133,1370,638196
2016-12-06 00:00:00,1.09495,1.14028,2073,2488,7072,1384,620201
2016-12-13 00:00:00,1.09475,1.13326,2372,2942,8304,1485,732755
2016-12-20 00:00:00,1.09775,1.1758899999999999,2544,3075,8563,1484,728214
2016-12-27 00:00:00,1.18882,1.23848,2840,3201,9079,1468,733077
2017-01-03 00:00:00,1.26589,1.2802,3849,4556,12839,2220,1002892
2017-01-10 00:00:00,1.30479,1.33123,4118,4453,13267,2245,996595
2017-01-17 00:00:00,1.34075,1.4078600000000001,4408,4993,14319,2266,1017076
2017-01-24 00:00:00,1.51674,1.5722,5006,5531,15832,2266,1006998
2017-01-31 00:00:00,1.74583,1.7032599999999998,5219,6134,17069,2222,1002140
2017-02-07 00:00:00,1.8870799999999999,1.8663599999999998,6126,6671,19057,2288,1021079
2017-02-14 00:00:00,2.05923,2.07647,6880,7577,21892,2296,1054290
2017-02-21 00:00:00,2.2797099999999997,2.33593,6945,5875,19816,2271,848314
2017-02-28 00:00:00,2.28379,2.24637,7008,7474,23752,2279,1057350
2017-03-07 00:00:00,2.58278,2.49504,7229,8488,24955,2272,1000183
2017-03-14 00:00:00,3.3655800000000005,3.2005,8285,11259,31502,2262,984283
2017-03-21 00:00:00,4.73117,4.43807,10447,14166,42782,2211,963978
2017-03-28 00:00:00,5.70943,5.46361,11335,11540,45255,2132,828299
2017-04-04 00:00:00,5.746580000000001,5.35765,9410,11717,47269,2243,882271
2017-04-11 00:00:00,5.8920699999999995,5.524369999999999,10053,17357,56761,2257,1027466
2017-04-18 00:00:00,6.51759,6.345280000000001,11997,21897,63036,2286,993431
2017-04-25 00:00:00,7.16338,7.018110000000001,13408,30625,77326,2288,1101807
2017-05-02 00:00:00,7.52133,7.7809,14844,37200,85985,2275,1105078
2017-05-09 00:00:00,7.38748,7.76939,15192,38606,87825,2299,1130397
2017-05-16 00:00:00,6.44688,6.8117600000000005,13365,32124,76210,2227,1118800
2017-05-23 00:00:00,4.95881,5.15749,10154,20450,53025,2272,1028116
2017-05-30 00:00:00,3.68612,3.55945,7208,13392,36064,2208,1013191
2017-06-06 00:00:00,3.18626,3.0051799999999997,6368,10850,29133,2214,969427
2017-06-13 00:00:00,2.76894,2.73038,5588,9468,25938,2201,949978
2017-06-20 00:00:00,2.48706,2.47768,5223,8640,23805,2180,960779
2017-06-27 00:00:00,2.40802,2.36314,4721,7214,20693,2144,875658
2017-07-04 00:00:00,2.07483,2.03139,4553,6218,19074,2127,938963
2017-07-11 00:00:00,1.77898,1.8037599999999998,4145,5505,16664,2086,923848
2017-07-18 00:00:00,1.61487,1.58696,3856,5269,14869,2112,936950
2017-07-25 00:00:00,1.5385,1.53801,3723,5336,14552,2088,946160
2017-08-01 00:00:00,1.5261200000000001,1.44974,3658,4815,13291,2018,916783
2017-08-08 00:00:00,1.28847,1.27729,3444,4133,11619,1933,909661
2017-08-15 00:00:00,1.18344,1.22051,3359,3764,11066,1977,906668
2017-08-22 00:00:00,1.24919,1.23235,3385,3429,10646,1896,863879
2017-08-29 00:00:00,1.14131,1.2229999999999999,3220,2987,9608,1802,785606
2017-09-05 00:00:00,0.9878,1.0473,2847,2552,8693,1798,830040
2017-09-12 00:00:00,0.8955649999999999,0.9781129999999999,2375,2245,7573,1753,774246
2017-09-19 00:00:00,0.8922040000000001,0.947548,2312,2162,7373,1773,778114
2017-09-26 00:00:00,0.877184,0.867554,2206,1916,6947,1736,800757
2017-10-03 00:00:00,0.780203,0.8232799999999999,2009,1862,6258,1780,760130
2017-10-10 00:00:00,0.725075,0.771497,1943,1901,6501,1785,842647
2017-10-17 00:00:00,0.68247,0.706819,1741,1720,5786,1748,818597
2017-10-24 00:00:00,0.640393,0.6851550000000001,1665,1643,5497,1741,802300
2017-10-31 00:00:00,0.639127,0.687351,1618,1769,5612,1724,816468
2017-11-07 00:00:00,0.705637,0.735733,1726,1784,5861,1690,796621
2017-11-14 00:00:00,0.707801,0.806048,1986,2170,6537,1725,810994
2017-11-21 00:00:00,0.822659,0.9440129999999999,2239,2468,7323,1610,775731
2017-11-28 00:00:00,0.859864,0.960101,2445,2830,8111,1681,844807
2017-12-05 00:00:00,1.10083,1.1412799999999999,2814,3343,9530,1710,835027
2017-12-12 00:00:00,1.15323,1.14784,2773,3660,10065,1708,876862
2017-12-19 00:00:00,1.2017799999999998,1.31156,3242,3949,11189,1684,853109
2017-12-26 00:00:00,1.2498,1.26102,3481,4198,11767,1710,933130
2018-01-02 00:00:00,1.41876,1.41974,4887,6341,17975,2611,1266076
2018-01-09 00:00:00,1.40077,1.473,5332,6279,18652,2651,1266257
2018-01-16 00:00:00,1.47139,1.58968,5589,6802,19948,2623,1254844
2018-01-23 00:00:00,1.63634,1.7220799999999998,6249,7487,21634,2678,1256271
2018-01-30 00:00:00,1.79125,1.8411400000000002,6869,8291,23169,2666,1258405
2018-02-06 00:00:00,1.8687099999999999,1.92692,7509,8451,24085,2672,1249921
2018-02-13 00:00:00,1.98121,2.0852,7821,8076,24419,2665,1171062
2018-02-20 00:00:00,2.23487,2.40063,8607,7197,24635,2618,1026187
2018-02-27 00:00:00,2.1457200000000003,2.24479,8890,8788,29096,2666,1296156
2018-03-06 00:00:00,2.2513400000000003,2.29962,8809,9276,28377,2658,1233986
2018-03-13 00:00:00,2.6411,2.73181,10156,11376,33113,2650,1212127
2018-03-20 00:00:00,3.13478,3.24012,11515,12816,38260,2596,1180820
2018-03-27 00:00:00,3.96538,4.18077,13615,12044,44012,2581,1052725
2018-04-03 00:00:00,3.45972,3.63095,11686,9572,42135,2630,1160440
2018-04-10 00:00:00,3.07558,3.13643,9369,10758,38815,2656,1237552
2018-04-17 00:00:00,3.3258,3.3621300000000005,9703,14265,41199,2658,1225384
2018-04-24 00:00:00,3.7977300000000005,3.88115,10765,16965,46241,2677,1191426
2018-05-01 00:00:00,4.34227,4.52235,11628,22217,55264,2668,1222020
2018-05-08 00:00:00,4.86953,5.2009099999999995,13899,29772,69732,2673,1340765
2018-05-15 00:00:00,5.0368900000000005,5.42034,14246,29255,70056,2655,1292464
2018-05-22 00:00:00,4.8812,5.27078,13634,26502,66461,2655,1260932
2018-05-29 00:00:00,4.54791,4.58991,11647,23468,58802,2658,1281115
2018-06-05 00:00:00,4.3762,4.39714,11168,21760,55431,2637,1260615
2018-06-12 00:00:00,4.22692,4.12777,10986,20081,53177,2646,1288273
2018-06-19 00:00:00,3.6825099999999997,3.5027800000000004,9721,16800,45668,2653,1303765
2018-06-26 00:00:00,3.0855900000000003,3.04819,8644,13642,37948,2619,1244935
2018-07-03 00:00:00,2.6983099999999998,2.67984,7606,11768,32941,2620,1229217
2018-07-10 00:00:00,2.2867599999999997,2.26612,6754,10005,27854,2568,1229148
2018-07-17 00:00:00,2.0121700000000002,1.9648400000000001,6325,7904,23147,2542,1178058
2018-07-24 00:00:00,1.71323,1.7220099999999998,5698,6621,20610,2516,1196855
2018-07-31 00:00:00,1.5667799999999998,1.5728,5369,6207,18864,2485,1199386
2018-08-07 00:00:00,1.49827,1.45718,4789,5906,17107,2444,1173980
2018-08-14 00:00:00,1.49961,1.50332,4649,5530,16459,2336,1094840
2018-08-21 00:00:00,1.42123,1.40257,4601,5234,15763,2224,1123869
2018-08-28 00:00:00,1.39258,1.4035799999999998,4442,4660,14776,2196,1052737
2018-09-04 00:00:00,1.21697,1.23749,3937,4115,13451,2258,1086961
2018-09-11 00:00:00,1.11266,1.12161,3506,3741,12106,2206,1079343
2018-09-18 00:00:00,0.9918879999999999,1.01276,3056,3288,10695,2159,1056024
2018-09-25 00:00:00,0.946401,0.9597680000000001,2955,3117,10027,2084,1044732
2018-10-02 00:00:00,0.8746950000000001,0.8789170000000001,2512,2726,8722,2154,992358
2018-10-09 00:00:00,0.8091689999999999,0.794181,2346,2661,8425,2111,1060841
2018-10-16 00:00:00,0.75452,0.7663939999999999,2222,2571,8116,2154,1058986
2018-10-23 00:00:00,0.7329829999999999,0.748613,2138,2466,7787,2140,1040191
2018-10-30 00:00:00,0.725811,0.757116,2354,2438,7884,2151,1041320
2018-11-06 00:00:00,0.754209,0.770094,2102,2392,8060,2167,1046625
2018-11-13 00:00:00,0.729672,0.833506,2634,2831,8994,2200,1079056
2018-11-20 00:00:00,0.839875,0.94034,2911,3503,10103,2170,1074399
2018-11-27 00:00:00,0.989358,1.08197,3428,4244,11904,2193,1100212
2018-12-04 00:00:00,1.1354,1.2021600000000001,3810,4548,13188,2217,1097022
2018-12-11 00:00:00,1.23124,1.27291,3912,5502,14843,2247,1166071
2018-12-18 00:00:00,1.24448,1.3881,4469,5678,16001,2224,1152730
2018-12-25 00:00:00,1.3379,1.49515,4981,6121,17453,2211,1167311
2019-01-01 00:00:00,1.4900200000000001,1.50284,6219,7658,21916,2912,1458307
2019-01-08 00:00:00,1.59192,1.59764,6550,7638,22954,2942,1436748
2019-01-15 00:00:00,1.7257200000000001,1.73931,7287,8292,24886,2966,1430800
2019-01-22 00:00:00,1.8341900000000002,1.8603900000000002,7892,9349,27419,2997,1473831
2019-01-29 00:00:00,2.04008,2.01412,8658,10068,28910,3005,1435369
2019-02-05 00:00:00,2.39351,2.36364,10557,12551,34586,3022,1463253
2019-02-12 00:00:00,2.63251,2.6442799999999997,11446,13671,37732,2991,1426928
2019-02-19 00:00:00,2.89941,2.9738700000000002,12716,17058,44161,2987,1484969
2019-02-26 00:00:00,3.4150099999999997,3.4538900000000003,14444,14821,44044,2993,1275199
2019-03-05 00:00:00,3.2579,3.31281,13852,16397,48904,2995,1476208
2019-03-12 00:00:00,3.94308,3.8692800000000003,14728,21877,56444,2958,1458774
2019-03-19 00:00:00,5.06435,5.02613,18001,29182,71594,2926,1424436
2019-03-26 00:00:00,7.061610000000001,7.15315,24097,34004,95757,2917,1338669
2019-04-02 00:00:00,5.90066,6.21936,21594,23392,88731,2970,1426691
2019-04-09 00:00:00,4.9402,5.06711,15564,22756,75614,3002,1492251
2019-04-16 00:00:00,5.33135,5.35768,16587,29668,79783,2995,1489132
2019-04-23 00:00:00,6.07822,6.02274,18574,35275,90150,2997,1496826
2019-04-30 00:00:00,6.74724,6.8727100000000005,20299,44117,108307,2995,1575900
2019-05-07 00:00:00,6.80157,7.08558,20270,45513,111361,3005,1571657
2019-05-14 00:00:00,6.11292,6.220680000000001,17393,36909,95418,2969,1533883
2019-05-21 00:00:00,5.52513,5.619680000000001,15330,28531,80559,2984,1433517
2019-05-28 00:00:00,5.12333,5.10268,13820,25490,74823,2947,1466346
2019-06-04 00:00:00,5.26652,5.289280000000001,13888,26396,78779,2913,1489410
2019-06-11 00:00:00,5.66932,6.28745,14154,27756,89607,2847,1425172
2019-06-18 00:00:00,6.3802900000000005,7.35285,10790,17512,78584,2810,1068755
2019-06-25 00:00:00,4.916919999999999,6.22687,5129,8322,53142,2738,853431
2019-07-02 00:00:00,3.78625,4.82995,2359,4852,36251,2696,750546
2019-07-09 00:00:00,2.8012200000000003,3.4736599999999997,1496,3426,24974,2698,718953
2019-07-16 00:00:00,2.12907,2.5739099999999997,1068,2667,18274,2679,709970
2019-07-23 00:00:00,1.73315,2.02032,926,2317,15164,2663,750576
2019-07-30 00:00:00,1.40939,1.6211,864,2098,12821,2635,790883
2019-08-06 00:00:00,1.1865700000000001,1.35218,720,1883,11058,2624,817791
2019-08-13 00:00:00,1.1144399999999999,1.23805,788,1960,10480,2613,846493
2019-08-20 00:00:00,1.00711,1.07708,900,2221,11416,2963,1059901
2019-08-27 00:00:00,0.8898780000000001,0.887647,805,1893,9605,2946,1082074
2019-09-03 00:00:00,0.815858,0.8209780000000001,801,1967,9318,2925,1134988
2019-09-10 00:00:00,0.837779,0.814955,878,2139,9572,2899,1174543
2019-09-17 00:00:00,0.9291889999999999,0.951491,1005,2679,11866,2935,1247096
2019-09-24 00:00:00,1.13871,1.20333,1212,3487,15490,2892,1287264
2019-10-01 00:00:00,1.27591,1.38465,1394,3965,17826,2888,1287401
2019-10-08 00:00:00,1.34978,1.47371,1544,4092,20043,2913,1360037
2019-10-15 00:00:00,1.34436,1.4380600000000001,1657,4070,19250,2887,1338613
2019-10-22 00:00:00,1.22126,1.2192399999999999,1634,3554,16523,2948,1355190
2019-10-29 00:00:00,1.15381,1.1519,1608,3493,15514,2986,1346820
2019-11-05 00:00:00,1.0649,1.05776,1570,3268,14103,2945,1333292
2019-11-12 00:00:00,0.979173,0.9808870000000001,1587,3141,13131,2965,1338686
2019-11-19 00:00:00,0.967664,0.959772,1804,3263,12900,2923,1344069
2019-11-26 00:00:00,1.00158,0.9724229999999999,1864,3942,13138,2957,1351058
2019-12-03 00:00:00,0.9173389999999999,0.915323,1766,3574,12232,2907,1336359
2019-12-10 00:00:00,1.02954,0.9798100000000001,1995,3806,13001,2894,1326890
2019-12-17 00:00:00,0.9757969999999999,0.956785,2068,3609,13005,2921,1359239
2019-12-24 00:00:00,1.0586,1.0348,2273,4311,14457,2919,1397083
2019-12-31 00:00:00,1.08369,1.0713,2460,4710,16493,3318,1539527
2020-01-07 00:00:00,1.2079799999999998,1.18587,2553,5248,19156,3351,1615360
2020-01-14 00:00:00,1.10574,1.08922,2305,4611,17233,3335,1582135
2020-01-21 00:00:00,1.1882700000000002,1.14924,2445,4855,18150,3356,1579306
2020-01-28 00:00:00,1.25309,1.1899899999999999,2517,4929,18607,3451,1563623
2020-02-04 00:00:00,1.44223,1.33645,2727,5851,21401,3453,1601333
2020-02-11 00:00:00,1.48489,1.37774,2775,5546,22603,3423,1640587
2020-02-18 00:00:00,1.55053,1.4272799999999999,2689,5346,22695,3362,1590088
2020-02-25 00:00:00,1.60937,1.4964,2483,4579,21297,3366,1423220
2020-03-03 00:00:00,1.56746,1.44898,2603,4868,22270,3368,1536943
2020-03-10 00:00:00,1.52214,1.43002,2566,4721,22203,3386,1552636
2020-03-17 00:00:00,1.50787,1.39865,2482,4278,20865,3325,1491798
2020-03-24 00:00:00,1.55631,1.45757,2323,3563,19840,3329,1361170
2020-03-31 00:00:00,1.5924,1.53951,2585,3934,22433,3307,1457151
2020-04-07 00:00:00,1.4767,1.43551,2413,4546,22702,3336,1581455
2020-04-14 00:00:00,1.29451,1.26458,2380,4055,19186,3313,1517183
2020-04-21 00:00:00,1.2526,1.21119,2566,4049,18337,3338,1513962
2020-04-28 00:00:00,1.10043,1.1221,2558,3937,16877,3344,1504061
2020-05-05 00:00:00,1.17828,1.08335,2632,3997,16033,3310,1479946
2020-05-12 00:00:00,1.02473,0.977093,2554,3726,14054,3260,1438348
2020-05-19 00:00:00,0.990461,0.909742,2317,3143,12567,3261,1381381
2020-05-26 00:00:00,0.862614,0.8613219999999999,2534,3525,13244,3271,1537636
2020-06-02 00:00:00,0.839059,0.846722,2756,3528,12913,3258,1525058
2020-06-09 00:00:00,0.895958,0.908885,3203,3778,13979,3254,1538038
2020-06-16 00:00:00,0.910926,0.941625,3478,3796,14389,3177,1528103
2020-06-23 00:00:00,0.946945,0.9721850000000001,3734,3818,14999,3066,1542813
2020-06-30 00:00:00,0.963716,1.01376,3955,3843,15307,3027,1509928
